number,title,person,year,month,day
3,Three Months,ais523,,,
3,Three Months,Alexis,,,
3,Three Months,aranea,,,
3,Three Months,Aris,,,
3,Three Months,ATMunn,,,
3,Three Months,BobTHJ,,,
3,Three Months,Falsifian,,,
3,Three Months,G.,,,
3,Three Months,Iammers,,,
3,Three Months,Jason,,,
3,Three Months,Michael,,,
3,Three Months,Murphy,,,
3,Three Months,nix,,,
3,Three Months,omd,,,
3,Three Months,OscarMeyr,,,
3,Three Months,PerlNomic Partnership,,,
3,Three Months,Publius Scribonius Scholasticus,,,
3,Three Months,root,,,
3,Three Months,Sgeo,,,
3,Three Months,Sherlock,,,
3,Three Months,Taral,,,
3,Three Months,the AFO,,,
3,Three Months,Tiger,,,
3,Three Months,Trigon,,,
3,Three Months,woggle,,,
3,Three Months,Wooble,,,
3,Three Months,Yally,,,
3,Three Months,Zefram,,,
6,Six Months,ais523,,,
6,Six Months,Alexis,,,
6,Six Months,aranea,,,
6,Six Months,Aris,,,
6,Six Months,Falsifian,,,
6,Six Months,G.,,,
6,Six Months,Jason,,,
6,Six Months,Michael,,,
6,Six Months,Murphy,,,
6,Six Months,omd,,,
6,Six Months,OscarMeyr,,,
6,Six Months,PerlNomic Partnership,,,
6,Six Months,root,,,
6,Six Months,Sherlock,,,
6,Six Months,Trigon,,,
6,Six Months,woggle,,,
6,Six Months,Wooble,,,
6,Six Months,Yally,,,
6,Six Months,Zefram,,,
9,Nine Months,aranea,,,
9,Nine Months,Aris,,,
9,Nine Months,Falsifian,,,
9,Nine Months,G.,,,
9,Nine Months,Jason,,,
9,Nine Months,Michael,,,
9,Nine Months,Murphy,,,
9,Nine Months,omd,,,
9,Nine Months,OscarMeyr,,,
9,Nine Months,root,,,
9,Nine Months,Trigon,,,
9,Nine Months,woggle,,,
9,Nine Months,Wooble,,,
9,Nine Months,Zefram,,,
12,Twelve Months,Aris,,,
12,Twelve Months,Falsifian,,,
12,Twelve Months,G.,,,
12,Twelve Months,Jason,,,
12,Twelve Months,Michael,,,
12,Twelve Months,Murphy,,,
12,Twelve Months,omd,,,
12,Twelve Months,OscarMeyr,,,
12,Twelve Months,root,,,
12,Twelve Months,Trigon,,,
12,Twelve Months,Wooble,,,
12,Twelve Months,Zefram,,,
